Title,Mood/Theme,,,Objects/People,Action,Location,Time of day,Season,Other feeling,Additional 1,Additional 2
a-piece-of-motivation,Dream,,,girl,Star gazing,Open field,Night,Summer,Joyful,,
amazing-grace,Emotional,Melodic,,girl,Going home,long road,Evening,Autumn,Joyful,,
angels-we-have-heard-on-high-grand-piano,Relaxing,Christmas,,Angels,Singing on sky,Open field,Night,Winter,Joyful,Christmas story,
ataraxia,Meditative,,,guy,Listening to music,On train,Night,Spring,Peaceful,Ataraxia,
believe-in-miracle,Dream,,,guy,Reaching a star,Open sky,Night,Summer,Dreamy,Miracle,
brahms-lullaby,Soft,,,baby,sleeping,Open sky,Night,Spring,Nostalgia,Lullaby,Music notes flying around
calm-nature,Relaxing,,,Trees,singing,In forest,Morning,Spring,Calm,Peaceful,sun shining
cinematic-piano,Energetic,,,group of people,hiking,In a majestic fall park,Noon,Autumn,Emotional,Cinematic,Autumn leaves flying
cold-mountain,Dramatic,,,Snow,falling,On mountains,Evening,Winter,Cold,wind blowing snow,sun shining
comedian,Retro,Movie,,Clown,Playing,in a circuit,Evening,Summer,Happy,,
dance-of-the-sea,Happy,Romantic,,Fishes,Flying,Open Ocean,Night,Summer,Dreamy,Cinematic,moon shining
dog-waltz,Retro,Uplifting,,dog,performing,circuit,Night,Summer,Joyful,Vintage movie feeling,Music notes flying around
dreamy,Happy,Positive,,stars,dancing,Open sky,Night,Autumn,Dreamy,Music notes flying around,
dry-autumn-leaf,Melancholic,,,An old man,kneeling and crying,In graveyard,Evening,Autumn,Emotional,Autumn leaves flying,
emotional-piano,Sad,,,mother,holding dead baby and crying,In city destroyed by war,Morning,Winter,Emotional,wind blowing snow,
emotions,Relaxing,,,dad,helping his child to ride bike,Open field,Evening,Autumn,Emotional,Nostalgia,Autumn leaves flying
endless-by-prabajithk-118998,Happy,Relaxing,,Morning Dew,On green grasses,Open field,Morning,Spring,Peaceful,Macro,sun shining
faded-letter-calm-and-touching,Soft,Calm,,An old faded letter,Lying on table,Home office,Night,Winter,Touching,Cinematic,moon shining
first-dance,Upbeat,Melodic,,couple,dancing,Open field,Night,Spring,Joyful,Cinematic,Music notes flying around
flowers-piano,Sad,Nature,,Flowers,Are wilted,Open field,Night,Autumn,Emotional,moon shining,Autumn leaves flying
forget,Emotional,Romantic,,couple,watching sunset,Open sky,Evening,Spring,Forgetful,Emotional,Vintage movie feeling
glass-heart,Sad,,,A glass heart,broken,An empty room,Evening,Winter,Hurtful,Cinematic,
god-rest-you-merry-gentlemen-christmas,Happy,Christmas,,group of people,doing Christmas carol,In town,Night,Winter,Joyful,Christmas tree,Music notes flying around
happy-birthday-to-you,Happy,Melodic,,group of people,celebrating birthday,In house,Night,Summer,Joyful,Music notes flying around,
heerful,Happy,Upbeat,,couple,dancing,At wedding party,Night,Spring,Joyful,Cheerful,Music notes flying around
hope-piano,Emotional,Inspiring,,couple,canoeing,In a river,Morning,Autumn,Hopeful,Nostalgia,Autumn leaves flying
hopeful-piano_1,Motivational,,,girl,skating,In an Olympic competition,Noon,Summer,Hopeful,Enjoy the moment,crowd cheering
hopeful-piano,Happy,Hopeful,,girl,water skiing,In river,Noon,Summer,Cinematic,crowd cheering,sun shining
horrible,Dark,Horror,,group of people,exploring,a haunted house,Night,Autumn,Fogs,Dark Cinematic,Ghosts
in-the-saloon,Retro,Fun,,cowboy,entering,A saloon,Noon,Spring,Nostalgia,Vintage movie feeling,Black and white
inspirational-cinematic-piano,Emotional,Inspiring,,Colorful hot air balloons,flying,Open sky,Morning,Spring,Inspirational,sun shining,Clouds
inspiring-life,Inspiring,Dream,,group of people,running hard,Open field,Noon,Summer,Inspirational,Sweating,sun shining
jazz-cafe,Relaxing,Happy,,cup of coffee,steaming,On a table,Noon,Spring,Emotional,Music notes flying around,Vintage Vinyl Record Player Turntable
jazz-style-piano-day-happy-love-life,Fun,Love,,couple,dancing,In rain,Evening,Autumn,Emotional,Jazz,Music notes flying around
lilix27s-dream,Positive,Hopeful,,princess,dancing,In ballroom,Night,Spring,Dreamy,Firework,Music notes flying around
lonestar,Relaxing,Adventure,,guy,walking,On an open road,Night,Spring,Emotional,stars shining,Black and white
longing-for-eternity-worship,Dream,Melodic,,grandmother,lying on bed,In hospital,Morning,Summer,Emotional,sun shining,Family gathering around
love-in-vintage-film,Retro,Film,,a guy,kissing on a cheek of a girl,1930s era,Night,Autumn,Joyful,Vintage movie feeling,Black and white
lovely-time,Emotional,Happy,,family,having dinner together,In dinning room,Night,Autumn,Joyful,Nostalgia,Cinematic
mafia,Dark,Dramatic,,group of mafia,carrying bags of money,In a bank,Noon,Winter,Thrilling,Dark Cinematic,
moonlight-sonata-sonate,Relaxing,Soft,,Moon,shining,On beautiful lake,Night,Spring,Emotional,Dreamy,Beautiful scene
morning-dew-delicate,Happy,,,Morning Dew,On green grasses,Open field,Morning,Spring,Joyful,Butterflies flying,Beautiful scene
omedy,Energetic,Happy,,Charlie Chaplin,dancing,In restaurant,Night,Spring,Joyful,Black and white,
peaceful-garden-healing-light,Emotional,Dream,,vintage water fountain,flowing,In garden,Morning,Autumn,Nostalgia,sun shining,Beautiful scene
piano-emotional-children,Emotional,Uplifting,Children,group of children,Playing,In rain,Noon,Summer,Nostalgia,Joyful,sun shining
piano,Emotional,Dream,,group of people,sitting around fire pit,By a riverbank,Night,Autumn,Emotional,Nostalgia,moon shining
raining-ambient-calm-piano,Relaxing,Nature,,rain,pouring down,On a town,Morning,Spring,Nostalgia,People running away from rain,People using umbrellas
regret-sad-dark-piano,Sad,Love,,guy,sitting and holding his head,On bed,Night,Spring,Regretful,moon shining,
relaxing-piano,Relaxing,Calm,,Colorful flowers,blooming,In garden,Noon,Spring,Emotional,sun shining,Beautiful scene
rinascita,Happy,Positive,,Butterflies made by lights,flying,From open hands,Night,Spring,Dreamy,Revival,Cinematic
river-calm-and-relaxing,Meditative,Relaxing,,river,flowing peacefully,Along an open field,Day,Autumn,Nostalgia,Colorful autumn trees,Autumn leaves flying
sad-piano,Melancholic,,,a guy,holding an umbrella,In city destroyed by war,Evening,Summer,Emotional,Rain falling,Black and white
saloon-piano-ragtime-retro-vintage-jazz-comedy,Retro,Documentary,,group of people,drinking,In saloon,Night,Summer,Joyful,1900s era,Black and white
sentimental,Motivational,Uplifting,,girl,lifting hands to the sky,On top of a mountain,Morning,Spring,Victory,sun shining,Cinematic
soft-rain-delicate-piano,Nature,Relaxing,,flower,blooming,In rain,Morning,Spring,Macro,Cinematic,Beautiful scene
sorrow,Melancholic,,,statue of a sorrow man,faded,In heavy rain,Evening,Autumn,Emotional,Cinematic,Black and white
sound-sleep-surprise-,Relaxing,Calm,,guy,flying the moon,Open Sky,Night,Spring,Emotional,Cinematic,Beautiful scene
spring,Ambiental,Happy,,Cherry blossom trees,blooming,In garden,Morning,Spring,Emotional,sun shining,Beautiful scene
starlight-calm-piano,Happy,Calm,,Starlight sky,shining,Open sky,Night,Spring,Emotional,Cinematic,Beautiful scene
stress-relief-piano,Relaxing,,,A lighthouse,shining,Open ocean,Night,Autumn,Peaceful,Cinematic,
suiboku-calm-zen-piano,Calm,Nature,,Bamboo trees,standing,On mountain,Morning,Spring,Calmness,Suiboku painting,Black and white
sunrise-piano,Happy,Hopeful,,sun,rising,On town,Morning,Spring,Nostalgia,Dreamy,Beautiful scene
tearful,Melancholic,Sad,,girl,sitting with her head on her knees crying,Open field,Night,Autumn,Emotional,Rain falling,moon shining
tender-feelings,Calm,,,A dreamer,looking up to a purple moon,From window,Night,Summer,Nostalgia,Dreamy,moon shining
the-sound-of-water-drops,Relaxing,,,Rain water drops,falling,On house roof,Morning,Spring,Peaceful,Rain falling,Cinematic
the-winter-fall,Calm,Meditative,,Snow,falling,On river,Morning,Winter,Nostalgia,Dreamy,Beautiful scene
this-documentary,Documentary,Film,,Filmstrip,running,On blue abstract background,Morning,Spring,Joyful,Cinematic,
together,Romantic,Happy,,A guy,lifting a girl,Open field,Night,Autumn,Emotional,Heart shape stars in background,Shooting stars
traveling-around-the-world,Energetic,Motivational,,plane,flying,Famous buildings on background,Morning,Spring,Joyful,Dreamy,
uplifting-piano,Happy,Uplifting,,girl,riding a bike and holding balloons,On the sky,Morning,Spring,Dreamy,Music notes flying around,
waiting,Sad,Slow,,girl,standing,On a dock,Evening,Autumn,Emotional,Waiting,sun setting
waterfalls,Dream,Inspiring,,waterfall,flowing peacefully,On mountain,Noon,Autumn,Nostalgia,Autumn leaves flying,sun shining
we-can-do-it,Motivational,Uplifting,,group of soldiers,charging,In battle field,Noon,Spring,Victory,Cinematic,sun shining
wedding-love-story,Happy,Love,,bride,holding and kissing groom,In wedding party,Noon,Spring,Joyful,Cinematic,Beautiful scene
with-all-my-heart,Emotional,Calm,,A heart,flying,From open hands,Morning,Spring,Joyful,Cinematic,
you-are-always-with-me,Happy,Romantic,,Two birds,perching on tree,In forest,Morning,Winter,Emotional,wind blowing snow,Beautiful scene
1_Te_Amo,Emotional,Relaxing,,couple,Strolling,Along the river bank,Morning,Autumn,Peaceful,sun setting,
2_Winter_The_Four_Seasons,Horror,Dramatic,,Trees,standing,On mountains,Noon,Winter,Cold,Intense snow storm,
3_Naruto-Sadness_and_Sorrow,Melancholic,Sad,,man,standing,In cemetery,Evening,Autumn,Sorrow,Wind blowing,
4_Victory,Motivational,Epic,,An army,riding horses,In battle field,Evening,Spring,Joyful,War victory,
5_Memories,Happy,Hopeful,,man,helping his child to ride a bike,Open field,Evening,Autumn,Joyful,Beautiful memories,
Across-the-Park,Happy,Dream,,girl,riding horse,Across a park,Noon,Spring,Joyful,Dreamy,sun shining
Autumn-Scene,Happy,,,couple,looking down river,From a bridge,Evening,Autumn,Emotional,Autumn leaves flying,Beautiful scene
Autumn,Ambiental,Uplifting,,couple,chasing each other,Across a park,Morning,Autumn,Joyful,Dreamy,Autumn leaves flying
Beautiful-Piano,Relaxing,,,girl,playing piano,On blue abstract background,Morning,Spring,Joyful,Music notes flying around,
Beethoven_Piano_Sonata_D_major_I_Allegro,Documentary,,,shepherd,leading a flock of sheep,On green pasture,Morning,Spring,Joyful,sun shining,Beautiful scene
Calm-and-Peaceful,Calm,Relaxing,,canoe,floating,On river,Night,Spring,Peaceful,moon shining,Beautiful scene
Cinematic-piano-lights,Relaxing,Dream,,Butterflies made by lights,flying,Open field,Night,Spring,Nostalgia,Dreamy,Beautiful scene
Circus-Theme-Entry-of-the-Gladiators,Retro,Upbeat,,gladiator,making an entry,In circuit,Night,Spring,Joyful,crowd cheering,
driftamonginfinitestars,Relaxing,Dream,,girl,looking at laterns floating,On an open sky,Night,Spring,Emotional,Dreamy,Beautiful scene
Eternal-Hope,Emotional,Hopeful,,girl,looking up to the sky,On a green pasture,Morning,Spring,Joyful,Hopeful,sun shining
Eternal-love,Happy,Love,,An old couple,dancing,On blue abstract background,Morning,Winter,Joyful,Heart shape stars in the background,Music notes flying around
Friendly-Day,Retro,Uplifting,,guy,playing with a dog,On an open road,Noon,Autumn,Nostalgia,Autumn leaves are flying,sun shining
Heartbreaking,Melancholic,Sad,,A glass heart,broken,On blue abstract background,Night,Winter,Regretful,Sorrows,Emotional
Horror-Long-Version,Melancholic,Sad,,guy,looking down a river,From a bridge,Evening,Autumn,Regretful,Sorrows,Autumn leaves are flying
I-Remember-Everything,Happy,Dream,,group of people,having dinner together,In a garden,Evening,Spring,Joyful,Nostalgia,Memories
inspirational-breakthrough,Inspiring,Dream,,A girl,holding a championship cup,In a photo frame,Morning,Spring,Joyful,Nostalgia,sun shining
Inspiring-Dreams,Inspiring,Uplifting,,Butterflies made by lights,are flying,Across a starry sky,Night,Spring,Dreamy,Nostalgia,moon shining
Is_everything_of_this_is_true_,Fun,,,An old couple,playing a see saw,In a garden,Evening,Spring,Joyful,Nostalgia,
Kimiko_Ishizaka_-_02_-_Variatio_1_a_1_Clav,Happy,Energetic,,A ballerina,dancing,On blue abstract background,Night,Spring,Joyful,Nostalgia,Music notes flying around
Lonesome-Journey-Dramatic-Music,Calm,Relaxing,,guy,travelling alone,Along an open field,Noon,Spring,Lonesome,Nostalgia,